date,day_label,start_time,end_time,event_type,title,session_id,session_url,room,source
2026-07-07,TUE 7 JUL,10:00,11:00,Oral Session,Oral 1A LLM Adaptation and Dataset Selection,68635,https://icml.cc/virtual/2026/session/68635,HALL C,https://icml.cc/virtual/2026/calendar
2026-07-07,TUE 7 JUL,10:00,11:00,Oral Session,Oral 1B Agentic Systems,68636,https://icml.cc/virtual/2026/session/68636,HALL B2,https://icml.cc/virtual/2026/calendar
2026-07-07,TUE 7 JUL,10:00,11:00,Oral Session,Oral 1C AI for Science: Proteins and Genomic Sequences,68637,https://icml.cc/virtual/2026/session/68637,HALL D2,https://icml.cc/virtual/2026/calendar
2026-07-07,TUE 7 JUL,10:00,11:00,Oral Session,Oral 1D DL: Representations & Distributions,68638,https://icml.cc/virtual/2026/session/68638,HALL D1,https://icml.cc/virtual/2026/calendar
2026-07-07,TUE 7 JUL,10:00,11:00,Oral Session,Oral 1E Understanding: Interpretability & Cognition,68639,https://icml.cc/virtual/2026/session/68639,GRAND BALLROOM 101 105,https://icml.cc/virtual/2026/calendar
2026-07-07,TUE 7 JUL,10:00,11:00,Oral Session,Oral 1F Vision-Language Models & Video,68640,https://icml.cc/virtual/2026/session/68640,AUDITORIUM,https://icml.cc/virtual/2026/calendar
2026-07-07,TUE 7 JUL,10:00,11:00,Oral Session,Oral 1G Optimization & Games,68641,https://icml.cc/virtual/2026/session/68641,ASEM BALLROOM 201 203,https://icml.cc/virtual/2026/calendar
2026-07-07,TUE 7 JUL,10:30,12:15,Poster Session,Poster Session 1,68685,https://icml.cc/virtual/2026/session/68685,HALL A,https://icml.cc/virtual/2026/calendar
2026-07-07,TUE 7 JUL,1:30,2:30,Oral Session,Oral 2A DL: Architectures & Inference,68642,https://icml.cc/virtual/2026/session/68642,HALL C,https://icml.cc/virtual/2026/calendar
2026-07-07,TUE 7 JUL,1:30,2:30,Oral Session,Oral 2B LLM Reasoning,68643,https://icml.cc/virtual/2026/session/68643,HALL B2,https://icml.cc/virtual/2026/calendar
2026-07-07,TUE 7 JUL,1:30,2:30,Oral Session,Oral 2C AI Safety & Alignment,68644,https://icml.cc/virtual/2026/session/68644,HALL D2,https://icml.cc/virtual/2026/calendar
2026-07-07,TUE 7 JUL,1:30,2:30,Oral Session,Oral 2D AI for Science: Differential Equations & Molecular Modeling,68645,https://icml.cc/virtual/2026/session/68645,HALL D1,https://icml.cc/virtual/2026/calendar
2026-07-07,TUE 7 JUL,1:30,2:30,Oral Session,Oral 2E Reinforcement Learning: Theory,68646,https://icml.cc/virtual/2026/session/68646,GRAND BALLROOM 101 105,https://icml.cc/virtual/2026/calendar
2026-07-07,TUE 7 JUL,1:30,2:30,Oral Session,Oral 2F Robotics and Multi-agent RL,68647,https://icml.cc/virtual/2026/session/68647,AUDITORIUM,https://icml.cc/virtual/2026/calendar
2026-07-07,TUE 7 JUL,1:30,2:30,Oral Session,Oral 2G Theory: Deep Learning Expressivity,68648,https://icml.cc/virtual/2026/session/68648,ASEM BALLROOM 201 203,https://icml.cc/virtual/2026/calendar
2026-07-07,TUE 7 JUL,2:00,3:45,Poster Session,Poster Session 2,68686,https://icml.cc/virtual/2026/session/68686,HALL A,https://icml.cc/virtual/2026/calendar
2026-07-08,WED 8 JUL,10:00,11:00,Oral Session,Oral 3A Diffusion Models,68649,https://icml.cc/virtual/2026/session/68649,HALL C,https://icml.cc/virtual/2026/calendar
2026-07-08,WED 8 JUL,10:00,11:00,Oral Session,Oral 3B Reinforcement Learning: RLHF and Post-training,68650,https://icml.cc/virtual/2026/session/68650,HALL B2,https://icml.cc/virtual/2026/calendar
2026-07-08,WED 8 JUL,10:00,11:00,Oral Session,Oral 3C LLM Social Impact & Interpretability,68651,https://icml.cc/virtual/2026/session/68651,HALL D2,https://icml.cc/virtual/2026/calendar
2026-07-08,WED 8 JUL,10:00,11:00,Oral Session,Oral 3D Computer Vision,68652,https://icml.cc/virtual/2026/session/68652,HALL D1,https://icml.cc/virtual/2026/calendar
2026-07-08,WED 8 JUL,10:00,11:00,Oral Session,Oral 3E Peer Review & Mechanism Design,68653,https://icml.cc/virtual/2026/session/68653,GRAND BALLROOM 101 105,https://icml.cc/virtual/2026/calendar
2026-07-08,WED 8 JUL,10:00,11:00,Oral Session,Oral 3F AI Safety & Jailbreaks,68654,https://icml.cc/virtual/2026/session/68654,AUDITORIUM,https://icml.cc/virtual/2026/calendar
2026-07-08,WED 8 JUL,10:00,11:00,Oral Session,Oral 3G Theory,68655,https://icml.cc/virtual/2026/session/68655,ASEM BALLROOM 201 203,https://icml.cc/virtual/2026/calendar
2026-07-08,WED 8 JUL,10:30,12:15,Poster Session,Poster Session 3,68687,https://icml.cc/virtual/2026/session/68687,HALL A,https://icml.cc/virtual/2026/calendar
2026-07-08,WED 8 JUL,2:30,4:15,Poster Session,Poster Session 4,68688,https://icml.cc/virtual/2026/session/68688,HALL A,https://icml.cc/virtual/2026/calendar
2026-07-08,WED 8 JUL,4:00,5:00,Oral Session,Oral 4A LLM Training & Efficiency,68656,https://icml.cc/virtual/2026/session/68656,HALL C,https://icml.cc/virtual/2026/calendar
2026-07-08,WED 8 JUL,4:00,5:00,Oral Session,Oral 4B Robotics: Vision-Language-Action Models,68657,https://icml.cc/virtual/2026/session/68657,HALL B2,https://icml.cc/virtual/2026/calendar
2026-07-08,WED 8 JUL,4:00,5:00,Oral Session,Oral 4C LLM Alignment & Reliability,68658,https://icml.cc/virtual/2026/session/68658,HALL D2,https://icml.cc/virtual/2026/calendar
2026-07-08,WED 8 JUL,4:00,5:00,Oral Session,Oral 4D Causal & Probabilistic Modeling,68659,https://icml.cc/virtual/2026/session/68659,HALL D1,https://icml.cc/virtual/2026/calendar
2026-07-08,WED 8 JUL,4:00,5:00,Oral Session,Oral 4E AI for Science: Dynamical Systems and Processes,68660,https://icml.cc/virtual/2026/session/68660,GRAND BALLROOM 101 105,https://icml.cc/virtual/2026/calendar
2026-07-08,WED 8 JUL,4:00,5:00,Oral Session,Oral 4F Learning Theory,68661,https://icml.cc/virtual/2026/session/68661,AUDITORIUM,https://icml.cc/virtual/2026/calendar
2026-07-08,WED 8 JUL,4:00,5:00,Oral Session,Oral 4G Time Series Modeling & Sampling,68662,https://icml.cc/virtual/2026/session/68662,ASEM BALLROOM 201 203,https://icml.cc/virtual/2026/calendar
2026-07-08,WED 8 JUL,5:00,6:45,Poster Session,Poster Session 5,68689,https://icml.cc/virtual/2026/session/68689,HALL A,https://icml.cc/virtual/2026/calendar
2026-07-09,THU 9 JUL,10:00,11:00,Oral Session,Oral 5A LLM Training & Inference Efficiency,68663,https://icml.cc/virtual/2026/session/68663,HALL C,https://icml.cc/virtual/2026/calendar
2026-07-09,THU 9 JUL,10:00,11:00,Oral Session,Oral 5B Data-efficient Learning & Distillation,68664,https://icml.cc/virtual/2026/session/68664,HALL B2,https://icml.cc/virtual/2026/calendar
2026-07-09,THU 9 JUL,10:00,11:00,Oral Session,Oral 5C Reinforcement Learning,68665,https://icml.cc/virtual/2026/session/68665,HALL D2,https://icml.cc/virtual/2026/calendar
2026-07-09,THU 9 JUL,10:00,11:00,Oral Session,Oral 5D AI Evaluation & Methodology,68666,https://icml.cc/virtual/2026/session/68666,HALL D1,https://icml.cc/virtual/2026/calendar
2026-07-09,THU 9 JUL,10:00,11:00,Oral Session,"Oral 5E Theory: Optimization, Generalization, Privacy",68667,https://icml.cc/virtual/2026/session/68667,GRAND BALLROOM 101 105,https://icml.cc/virtual/2026/calendar
2026-07-09,THU 9 JUL,10:00,11:00,Oral Session,Oral 5F Graph & Federated Learning,68668,https://icml.cc/virtual/2026/session/68668,AUDITORIUM,https://icml.cc/virtual/2026/calendar
2026-07-09,THU 9 JUL,10:00,11:00,Oral Session,Oral 5G Spatial Reasoning,68669,https://icml.cc/virtual/2026/session/68669,ASEM BALLROOM 201 203,https://icml.cc/virtual/2026/calendar
2026-07-09,THU 9 JUL,10:30,12:15,Poster Session,Poster Session 6,68690,https://icml.cc/virtual/2026/session/68690,HALL A,https://icml.cc/virtual/2026/calendar
2026-07-09,THU 9 JUL,2:30,4:15,Poster Session,Poster Session 7,68691,https://icml.cc/virtual/2026/session/68691,HALL A,https://icml.cc/virtual/2026/calendar
2026-07-09,THU 9 JUL,4:00,5:00,Oral Session,Oral 6A LLMs,68670,https://icml.cc/virtual/2026/session/68670,HALL C,https://icml.cc/virtual/2026/calendar
2026-07-09,THU 9 JUL,4:00,5:00,Oral Session,Oral 6B Agentic Systems,68671,https://icml.cc/virtual/2026/session/68671,HALL B2,https://icml.cc/virtual/2026/calendar
2026-07-09,THU 9 JUL,4:00,5:00,Oral Session,Oral 6C LLM Understanding & Reliability,68672,https://icml.cc/virtual/2026/session/68672,HALL D2,https://icml.cc/virtual/2026/calendar
2026-07-09,THU 9 JUL,4:00,5:00,Oral Session,"Oral 6D Scalability, Software, Hardware",68673,https://icml.cc/virtual/2026/session/68673,HALL D1,https://icml.cc/virtual/2026/calendar
2026-07-09,THU 9 JUL,4:00,5:00,Oral Session,Oral 6E Game Theory & Big Tech,68674,https://icml.cc/virtual/2026/session/68674,GRAND BALLROOM 101 105,https://icml.cc/virtual/2026/calendar
2026-07-09,THU 9 JUL,4:00,5:00,Oral Session,Oral 6F Social Impacts: GenAI & Video,68675,https://icml.cc/virtual/2026/session/68675,AUDITORIUM,https://icml.cc/virtual/2026/calendar
2026-07-09,THU 9 JUL,4:00,5:00,Oral Session,Oral 6G Theory: Transformers & GNNs,68676,https://icml.cc/virtual/2026/session/68676,ASEM BALLROOM 201 203,https://icml.cc/virtual/2026/calendar
2026-07-09,THU 9 JUL,5:00,6:45,Poster Session,Poster Session 8,68692,https://icml.cc/virtual/2026/session/68692,HALL A,https://icml.cc/virtual/2026/calendar
