topic_track,date,session_start_time,session_end_time,session_title,session_id,session_url,room,papers,oral,spotlight,position,journal_track
AI Safety / Alignment / Reliability,2026-07-07,10:30,12:15,Poster Session 1,68685,https://icml.cc/virtual/2026/session/68685,HALL A,268,0,11,2,5
AI Safety / Alignment / Reliability,2026-07-07,14:00,15:45,Poster Session 2,68686,https://icml.cc/virtual/2026/session/68686,HALL A,273,8,32,9,1
AI Safety / Alignment / Reliability,2026-07-08,10:30,12:15,Poster Session 3,68687,https://icml.cc/virtual/2026/session/68687,HALL A,299,9,28,19,3
AI Safety / Alignment / Reliability,2026-07-08,14:30,16:15,Poster Session 4,68688,https://icml.cc/virtual/2026/session/68688,HALL A,329,11,37,15,3
AI Safety / Alignment / Reliability,2026-07-08,17:00,18:45,Poster Session 5,68689,https://icml.cc/virtual/2026/session/68689,HALL A,236,7,22,6,0
AI Safety / Alignment / Reliability,2026-07-09,10:30,12:15,Poster Session 6,68690,https://icml.cc/virtual/2026/session/68690,HALL A,266,1,18,8,5
AI Safety / Alignment / Reliability,2026-07-09,14:30,16:15,Poster Session 7,68691,https://icml.cc/virtual/2026/session/68691,HALL A,259,8,20,12,3
AI Safety / Alignment / Reliability,2026-07-09,17:00,18:45,Poster Session 8,68692,https://icml.cc/virtual/2026/session/68692,HALL A,253,12,23,19,3
AI4Science / Bio / Molecules,2026-07-07,10:30,12:15,Poster Session 1,68685,https://icml.cc/virtual/2026/session/68685,HALL A,125,0,7,4,1
AI4Science / Bio / Molecules,2026-07-07,14:00,15:45,Poster Session 2,68686,https://icml.cc/virtual/2026/session/68686,HALL A,147,5,13,2,3
AI4Science / Bio / Molecules,2026-07-08,10:30,12:15,Poster Session 3,68687,https://icml.cc/virtual/2026/session/68687,HALL A,137,6,16,5,0
AI4Science / Bio / Molecules,2026-07-08,14:30,16:15,Poster Session 4,68688,https://icml.cc/virtual/2026/session/68688,HALL A,84,2,4,0,0
AI4Science / Bio / Molecules,2026-07-08,17:00,18:45,Poster Session 5,68689,https://icml.cc/virtual/2026/session/68689,HALL A,108,4,17,0,1
AI4Science / Bio / Molecules,2026-07-09,10:30,12:15,Poster Session 6,68690,https://icml.cc/virtual/2026/session/68690,HALL A,110,0,9,3,3
AI4Science / Bio / Molecules,2026-07-09,14:30,16:15,Poster Session 7,68691,https://icml.cc/virtual/2026/session/68691,HALL A,97,2,6,0,0
AI4Science / Bio / Molecules,2026-07-09,17:00,18:45,Poster Session 8,68692,https://icml.cc/virtual/2026/session/68692,HALL A,100,3,10,2,1
Agents / Tool Use / GUI,2026-07-07,10:30,12:15,Poster Session 1,68685,https://icml.cc/virtual/2026/session/68685,HALL A,193,0,13,2,1
Agents / Tool Use / GUI,2026-07-07,14:00,15:45,Poster Session 2,68686,https://icml.cc/virtual/2026/session/68686,HALL A,187,9,23,8,1
Agents / Tool Use / GUI,2026-07-08,10:30,12:15,Poster Session 3,68687,https://icml.cc/virtual/2026/session/68687,HALL A,194,12,18,9,4
Agents / Tool Use / GUI,2026-07-08,14:30,16:15,Poster Session 4,68688,https://icml.cc/virtual/2026/session/68688,HALL A,182,4,13,12,4
Agents / Tool Use / GUI,2026-07-08,17:00,18:45,Poster Session 5,68689,https://icml.cc/virtual/2026/session/68689,HALL A,140,4,21,1,1
Agents / Tool Use / GUI,2026-07-09,10:30,12:15,Poster Session 6,68690,https://icml.cc/virtual/2026/session/68690,HALL A,137,0,10,4,3
Agents / Tool Use / GUI,2026-07-09,14:30,16:15,Poster Session 7,68691,https://icml.cc/virtual/2026/session/68691,HALL A,163,4,9,4,1
Agents / Tool Use / GUI,2026-07-09,17:00,18:45,Poster Session 8,68692,https://icml.cc/virtual/2026/session/68692,HALL A,145,8,15,9,1
Agents / Tool Use / GUI,,,,Poster Session 3,68687,https://icml.cc/virtual/2026/session/68687,HALL A,1,0,0,0,0
Causal / Probabilistic / Structured Data,2026-07-07,10:30,12:15,Poster Session 1,68685,https://icml.cc/virtual/2026/session/68685,HALL A,334,0,15,5,3
Causal / Probabilistic / Structured Data,2026-07-07,14:00,15:45,Poster Session 2,68686,https://icml.cc/virtual/2026/session/68686,HALL A,292,9,24,9,2
Causal / Probabilistic / Structured Data,2026-07-08,10:30,12:15,Poster Session 3,68687,https://icml.cc/virtual/2026/session/68687,HALL A,271,12,25,6,5
Causal / Probabilistic / Structured Data,2026-07-08,14:30,16:15,Poster Session 4,68688,https://icml.cc/virtual/2026/session/68688,HALL A,304,14,36,5,4
Causal / Probabilistic / Structured Data,2026-07-08,17:00,18:45,Poster Session 5,68689,https://icml.cc/virtual/2026/session/68689,HALL A,331,18,39,3,4
Causal / Probabilistic / Structured Data,2026-07-09,10:30,12:15,Poster Session 6,68690,https://icml.cc/virtual/2026/session/68690,HALL A,322,0,19,4,5
Causal / Probabilistic / Structured Data,2026-07-09,14:30,16:15,Poster Session 7,68691,https://icml.cc/virtual/2026/session/68691,HALL A,288,10,22,3,5
Causal / Probabilistic / Structured Data,2026-07-09,17:00,18:45,Poster Session 8,68692,https://icml.cc/virtual/2026/session/68692,HALL A,216,5,18,6,2
Data / Evaluation / Benchmarks,2026-07-07,10:30,12:15,Poster Session 1,68685,https://icml.cc/virtual/2026/session/68685,HALL A,237,0,14,4,3
Data / Evaluation / Benchmarks,2026-07-07,14:00,15:45,Poster Session 2,68686,https://icml.cc/virtual/2026/session/68686,HALL A,289,17,38,9,2
Data / Evaluation / Benchmarks,2026-07-08,10:30,12:15,Poster Session 3,68687,https://icml.cc/virtual/2026/session/68687,HALL A,237,10,20,9,2
Data / Evaluation / Benchmarks,2026-07-08,14:30,16:15,Poster Session 4,68688,https://icml.cc/virtual/2026/session/68688,HALL A,211,9,23,15,0
Data / Evaluation / Benchmarks,2026-07-08,17:00,18:45,Poster Session 5,68689,https://icml.cc/virtual/2026/session/68689,HALL A,216,6,18,3,1
Data / Evaluation / Benchmarks,2026-07-09,10:30,12:15,Poster Session 6,68690,https://icml.cc/virtual/2026/session/68690,HALL A,231,0,14,7,4
Data / Evaluation / Benchmarks,2026-07-09,14:30,16:15,Poster Session 7,68691,https://icml.cc/virtual/2026/session/68691,HALL A,230,13,21,18,4
Data / Evaluation / Benchmarks,2026-07-09,17:00,18:45,Poster Session 8,68692,https://icml.cc/virtual/2026/session/68692,HALL A,219,8,16,10,3
Efficient ML / Systems / Hardware,2026-07-07,10:30,12:15,Poster Session 1,68685,https://icml.cc/virtual/2026/session/68685,HALL A,593,0,34,6,6
Efficient ML / Systems / Hardware,2026-07-07,14:00,15:45,Poster Session 2,68686,https://icml.cc/virtual/2026/session/68686,HALL A,537,23,59,13,5
Efficient ML / Systems / Hardware,2026-07-08,10:30,12:15,Poster Session 3,68687,https://icml.cc/virtual/2026/session/68687,HALL A,535,13,47,13,9
Efficient ML / Systems / Hardware,2026-07-08,14:30,16:15,Poster Session 4,68688,https://icml.cc/virtual/2026/session/68688,HALL A,554,23,54,15,8
Efficient ML / Systems / Hardware,2026-07-08,17:00,18:45,Poster Session 5,68689,https://icml.cc/virtual/2026/session/68689,HALL A,491,17,54,0,5
Efficient ML / Systems / Hardware,2026-07-09,10:30,12:15,Poster Session 6,68690,https://icml.cc/virtual/2026/session/68690,HALL A,479,2,26,6,5
Efficient ML / Systems / Hardware,2026-07-09,14:30,16:15,Poster Session 7,68691,https://icml.cc/virtual/2026/session/68691,HALL A,499,20,47,9,10
Efficient ML / Systems / Hardware,2026-07-09,17:00,18:45,Poster Session 8,68692,https://icml.cc/virtual/2026/session/68692,HALL A,421,15,49,20,6
Efficient ML / Systems / Hardware,,,,Poster Session 3,68687,https://icml.cc/virtual/2026/session/68687,HALL A,1,0,0,0,0
LLM / Foundation Models,2026-07-07,10:30,12:15,Poster Session 1,68685,https://icml.cc/virtual/2026/session/68685,HALL A,420,0,25,4,2
LLM / Foundation Models,2026-07-07,14:00,15:45,Poster Session 2,68686,https://icml.cc/virtual/2026/session/68686,HALL A,405,21,49,14,3
LLM / Foundation Models,2026-07-08,10:30,12:15,Poster Session 3,68687,https://icml.cc/virtual/2026/session/68687,HALL A,427,13,40,12,5
LLM / Foundation Models,2026-07-08,14:30,16:15,Poster Session 4,68688,https://icml.cc/virtual/2026/session/68688,HALL A,385,19,42,17,6
LLM / Foundation Models,2026-07-08,17:00,18:45,Poster Session 5,68689,https://icml.cc/virtual/2026/session/68689,HALL A,345,13,35,4,1
LLM / Foundation Models,2026-07-09,10:30,12:15,Poster Session 6,68690,https://icml.cc/virtual/2026/session/68690,HALL A,334,1,14,6,5
LLM / Foundation Models,2026-07-09,14:30,16:15,Poster Session 7,68691,https://icml.cc/virtual/2026/session/68691,HALL A,387,15,35,8,3
LLM / Foundation Models,2026-07-09,17:00,18:45,Poster Session 8,68692,https://icml.cc/virtual/2026/session/68692,HALL A,372,14,40,16,4
LLM / Foundation Models,,,,Poster Session 3,68687,https://icml.cc/virtual/2026/session/68687,HALL A,1,0,0,0,0
Multimodal / Vision-Language / Video,2026-07-07,10:30,12:15,Poster Session 1,68685,https://icml.cc/virtual/2026/session/68685,HALL A,259,0,11,2,3
Multimodal / Vision-Language / Video,2026-07-07,14:00,15:45,Poster Session 2,68686,https://icml.cc/virtual/2026/session/68686,HALL A,302,12,29,2,4
Multimodal / Vision-Language / Video,2026-07-08,10:30,12:15,Poster Session 3,68687,https://icml.cc/virtual/2026/session/68687,HALL A,282,3,21,4,2
Multimodal / Vision-Language / Video,2026-07-08,14:30,16:15,Poster Session 4,68688,https://icml.cc/virtual/2026/session/68688,HALL A,298,11,22,3,2
Multimodal / Vision-Language / Video,2026-07-08,17:00,18:45,Poster Session 5,68689,https://icml.cc/virtual/2026/session/68689,HALL A,258,10,26,1,5
Multimodal / Vision-Language / Video,2026-07-09,10:30,12:15,Poster Session 6,68690,https://icml.cc/virtual/2026/session/68690,HALL A,272,0,15,3,4
Multimodal / Vision-Language / Video,2026-07-09,14:30,16:15,Poster Session 7,68691,https://icml.cc/virtual/2026/session/68691,HALL A,244,8,20,3,3
Multimodal / Vision-Language / Video,2026-07-09,17:00,18:45,Poster Session 8,68692,https://icml.cc/virtual/2026/session/68692,HALL A,234,8,19,4,2
Reinforcement Learning / Decision Making,2026-07-07,10:30,12:15,Poster Session 1,68685,https://icml.cc/virtual/2026/session/68685,HALL A,127,0,9,0,0
Reinforcement Learning / Decision Making,2026-07-07,14:00,15:45,Poster Session 2,68686,https://icml.cc/virtual/2026/session/68686,HALL A,141,5,19,6,0
Reinforcement Learning / Decision Making,2026-07-08,10:30,12:15,Poster Session 3,68687,https://icml.cc/virtual/2026/session/68687,HALL A,168,10,17,2,4
Reinforcement Learning / Decision Making,2026-07-08,14:30,16:15,Poster Session 4,68688,https://icml.cc/virtual/2026/session/68688,HALL A,210,7,25,1,5
Reinforcement Learning / Decision Making,2026-07-08,17:00,18:45,Poster Session 5,68689,https://icml.cc/virtual/2026/session/68689,HALL A,131,1,7,1,1
Reinforcement Learning / Decision Making,2026-07-09,10:30,12:15,Poster Session 6,68690,https://icml.cc/virtual/2026/session/68690,HALL A,105,0,7,1,5
Reinforcement Learning / Decision Making,2026-07-09,14:30,16:15,Poster Session 7,68691,https://icml.cc/virtual/2026/session/68691,HALL A,151,7,12,1,1
Reinforcement Learning / Decision Making,2026-07-09,17:00,18:45,Poster Session 8,68692,https://icml.cc/virtual/2026/session/68692,HALL A,98,1,5,1,0
Responsible AI / Social Impact / Economics,2026-07-07,10:30,12:15,Poster Session 1,68685,https://icml.cc/virtual/2026/session/68685,HALL A,131,0,7,4,1
Responsible AI / Social Impact / Economics,2026-07-07,14:00,15:45,Poster Session 2,68686,https://icml.cc/virtual/2026/session/68686,HALL A,100,5,7,4,1
Responsible AI / Social Impact / Economics,2026-07-08,10:30,12:15,Poster Session 3,68687,https://icml.cc/virtual/2026/session/68687,HALL A,110,0,12,8,0
Responsible AI / Social Impact / Economics,2026-07-08,14:30,16:15,Poster Session 4,68688,https://icml.cc/virtual/2026/session/68688,HALL A,130,12,15,14,0
Responsible AI / Social Impact / Economics,2026-07-08,17:00,18:45,Poster Session 5,68689,https://icml.cc/virtual/2026/session/68689,HALL A,109,3,10,2,2
Responsible AI / Social Impact / Economics,2026-07-09,10:30,12:15,Poster Session 6,68690,https://icml.cc/virtual/2026/session/68690,HALL A,115,0,11,6,2
Responsible AI / Social Impact / Economics,2026-07-09,14:30,16:15,Poster Session 7,68691,https://icml.cc/virtual/2026/session/68691,HALL A,143,6,12,10,5
Responsible AI / Social Impact / Economics,2026-07-09,17:00,18:45,Poster Session 8,68692,https://icml.cc/virtual/2026/session/68692,HALL A,112,9,17,13,0
Robotics / Embodied AI,2026-07-07,10:30,12:15,Poster Session 1,68685,https://icml.cc/virtual/2026/session/68685,HALL A,182,0,9,3,1
Robotics / Embodied AI,2026-07-07,14:00,15:45,Poster Session 2,68686,https://icml.cc/virtual/2026/session/68686,HALL A,209,4,24,3,0
Robotics / Embodied AI,2026-07-08,10:30,12:15,Poster Session 3,68687,https://icml.cc/virtual/2026/session/68687,HALL A,262,13,30,8,3
Robotics / Embodied AI,2026-07-08,14:30,16:15,Poster Session 4,68688,https://icml.cc/virtual/2026/session/68688,HALL A,229,3,23,11,4
Robotics / Embodied AI,2026-07-08,17:00,18:45,Poster Session 5,68689,https://icml.cc/virtual/2026/session/68689,HALL A,210,9,24,1,2
Robotics / Embodied AI,2026-07-09,10:30,12:15,Poster Session 6,68690,https://icml.cc/virtual/2026/session/68690,HALL A,129,0,11,4,4
Robotics / Embodied AI,2026-07-09,14:30,16:15,Poster Session 7,68691,https://icml.cc/virtual/2026/session/68691,HALL A,160,7,13,3,1
Robotics / Embodied AI,2026-07-09,17:00,18:45,Poster Session 8,68692,https://icml.cc/virtual/2026/session/68692,HALL A,140,3,11,9,1
Theory / Optimization / Learning Foundations,2026-07-07,10:30,12:15,Poster Session 1,68685,https://icml.cc/virtual/2026/session/68685,HALL A,411,0,21,5,5
Theory / Optimization / Learning Foundations,2026-07-07,14:00,15:45,Poster Session 2,68686,https://icml.cc/virtual/2026/session/68686,HALL A,338,15,44,5,2
Theory / Optimization / Learning Foundations,2026-07-08,10:30,12:15,Poster Session 3,68687,https://icml.cc/virtual/2026/session/68687,HALL A,404,17,43,6,7
Theory / Optimization / Learning Foundations,2026-07-08,14:30,16:15,Poster Session 4,68688,https://icml.cc/virtual/2026/session/68688,HALL A,341,9,38,5,8
Theory / Optimization / Learning Foundations,2026-07-08,17:00,18:45,Poster Session 5,68689,https://icml.cc/virtual/2026/session/68689,HALL A,325,11,31,2,4
Theory / Optimization / Learning Foundations,2026-07-09,10:30,12:15,Poster Session 6,68690,https://icml.cc/virtual/2026/session/68690,HALL A,281,2,19,6,5
Theory / Optimization / Learning Foundations,2026-07-09,14:30,16:15,Poster Session 7,68691,https://icml.cc/virtual/2026/session/68691,HALL A,339,11,25,9,6
Theory / Optimization / Learning Foundations,2026-07-09,17:00,18:45,Poster Session 8,68692,https://icml.cc/virtual/2026/session/68692,HALL A,272,15,35,6,2
Theory / Optimization / Learning Foundations,,,,Poster Session 3,68687,https://icml.cc/virtual/2026/session/68687,HALL A,1,0,0,0,0
Unmatched,2026-07-07,10:30,12:15,Poster Session 1,68685,https://icml.cc/virtual/2026/session/68685,HALL A,1,0,0,0,0
Unmatched,2026-07-07,14:00,15:45,Poster Session 2,68686,https://icml.cc/virtual/2026/session/68686,HALL A,3,0,0,0,0
Unmatched,2026-07-08,14:30,16:15,Poster Session 4,68688,https://icml.cc/virtual/2026/session/68688,HALL A,4,0,0,0,1
Unmatched,2026-07-08,17:00,18:45,Poster Session 5,68689,https://icml.cc/virtual/2026/session/68689,HALL A,1,0,0,0,0
Unmatched,2026-07-09,10:30,12:15,Poster Session 6,68690,https://icml.cc/virtual/2026/session/68690,HALL A,1,0,0,0,0
Unmatched,2026-07-09,14:30,16:15,Poster Session 7,68691,https://icml.cc/virtual/2026/session/68691,HALL A,1,0,0,1,0
Unmatched,2026-07-09,17:00,18:45,Poster Session 8,68692,https://icml.cc/virtual/2026/session/68692,HALL A,7,0,2,1,2
